{"cameraMode":{"drawMode":0,"name":"Shaded","section":"Shading Mode"},"sceneLighting":true,"audioPlay":false,"sceneViewState":{"m_AlwaysRefresh":false,"showFog":true,"showSkybox":true,"showFlares":true,"showImageEffects":true,"showParticleSystems":true,"showVisualEffectGraphs":true,"m_FxEnabled":true},"in2DMode":false,"pivot":{"x":2.100301742553711,"y":-0.3636479377746582,"z":-0.45937198400497439},"rotation":{"x":-0.09655147790908814,"y":-0.8681963682174683,"z":0.18641236424446107,"w":-0.4496840834617615},"size":0.7557067275047302,"orthographic":false}