{"cameraMode":{"drawMode":0,"name":"Shaded","section":"Shading Mode"},"sceneLighting":true,"audioPlay":false,"sceneViewState":{"m_AlwaysRefresh":false,"showFog":true,"showSkybox":true,"showFlares":true,"showImageEffects":true,"showParticleSystems":true,"showVisualEffectGraphs":true,"m_FxEnabled":true},"in2DMode":false,"pivot":{"x":2.1911091804504396,"y":-1.3593782186508179,"z":1.2757090330123902},"rotation":{"x":0.33698052167892458,"y":-0.022597284987568857,"z":0.008090790361166,"w":0.9412104487419128},"size":1.2433013916015626,"orthographic":false}